-- phpMyAdmin SQL Dump
-- version 4.8.5
-- https://www.phpmyadmin.net/
--
-- 主机： localhost
-- 生成日期： 2023-06-18 18:33:28
-- 服务器版本： 5.7.26
-- PHP 版本： 7.3.4

SET SQL_MODE = "NO_AUTO_VALUE_ON_ZERO";
SET AUTOCOMMIT = 0;
START TRANSACTION;
SET time_zone = "+00:00";


/*!40101 SET @OLD_CHARACTER_SET_CLIENT=@@CHARACTER_SET_CLIENT */;
/*!40101 SET @OLD_CHARACTER_SET_RESULTS=@@CHARACTER_SET_RESULTS */;
/*!40101 SET @OLD_COLLATION_CONNECTION=@@COLLATION_CONNECTION */;
/*!40101 SET NAMES utf8mb4 */;

--
-- 数据库： `mysystem`
--

-- --------------------------------------------------------

--
-- 表的结构 `admin`
--

CREATE TABLE `admin` (
  `AID` varchar(6) NOT NULL COMMENT '管理号',
  `AName` varchar(20) NOT NULL COMMENT '管理员姓名',
  `ASex` varchar(7) NOT NULL COMMENT '性别',
  `APhone` varchar(12) NOT NULL COMMENT '联系电话'
) ENGINE=MyISAM DEFAULT CHARSET=utf8;

--
-- 转存表中的数据 `admin`
--

INSERT INTO `admin` (`AID`, `AName`, `ASex`, `APhone`) VALUES
('1001', '张三', 'male', '13910001000'),
('1002', '张麻子', 'female', '13810001000'),
('1003', '大王', 'male', '13110001000');

-- --------------------------------------------------------

--
-- 表的结构 `complaint`
--

CREATE TABLE `complaint` (
  `CID` varchar(12) NOT NULL COMMENT '投诉ID',
  `CTime` datetime NOT NULL COMMENT '投诉日期',
  `CName` varchar(20) NOT NULL COMMENT '投诉业主名',
  `CType` varchar(3) NOT NULL COMMENT '投诉类型',
  `CTitle` varchar(20) NOT NULL COMMENT '投诉标题',
  `CContent` varchar(200) NOT NULL COMMENT '投诉内容',
  `CPublic` varchar(3) NOT NULL COMMENT '是否公开',
  `CFinTime` datetime DEFAULT NULL COMMENT '处理日期',
  `CFinAdmin` varchar(20) DEFAULT NULL COMMENT '处理人员',
  `CFinContent` varchar(200) DEFAULT NULL COMMENT '处理内容',
  `CState` varchar(4) NOT NULL COMMENT '处理情况'
) ENGINE=MyISAM DEFAULT CHARSET=utf8;

--
-- 转存表中的数据 `complaint`
--

INSERT INTO `complaint` (`CID`, `CTime`, `CName`, `CType`, `CTitle`, `CContent`, `CPublic`, `CFinTime`, `CFinAdmin`, `CFinContent`, `CState`) VALUES
('20230612001', '2023-06-12 00:00:00', '李四', '污染', '垃圾', '垃圾垃圾', '公开', '2023-06-14 12:26:48', '张三', '没垃圾没垃圾没垃圾没垃圾没垃圾没垃圾没垃圾没垃圾没垃圾没垃圾没垃圾没垃圾没垃圾没垃圾没垃圾没垃圾没垃圾没垃圾没垃圾没垃圾没垃圾没垃圾没垃圾没垃圾没垃圾没垃圾没垃圾没垃圾没垃圾没垃圾', '已回复'),
('20230612002', '2023-06-12 00:00:00', '李四', '治安', '安全', '安全安全安全', '公开', '2023-06-14 12:30:32', '张三', '很安全很安全很安全很安全很安全很安全很安全很安全很安全很安全很安全很安全很安全很安全很安全很安全很安全很安全很安全很安全很安全很安全很安全很安全很安全很安全很安全很安全很安全很安全很安全很安全很安全很安全很安全很安全很安全很安全', '已回复'),
('20230612003', '2023-06-12 00:00:00', '李四', '污染', 'ERR', 'REW', '公开', NULL, NULL, NULL, '处理中'),
('20230612004', '2023-06-12 00:00:00', '李四', '设施', '设施', '设施设施设施', '公开', NULL, NULL, NULL, '处理中'),
('20230612005', '2023-06-12 00:00:00', '李四', '纠纷', '纠纷', '纠纷纠纷纠纷纠纷纠纷纠纷纠纷纠纷纠纷纠纷纠纷纠纷纠纷纠纷纠纷纠纷纠纷纠纷纠纷纠纷纠纷纠纷纠纷纠纷纠纷纠纷纠纷纠纷纠纷纠纷纠纷纠纷纠纷纠纷纠纷纠纷纠纷纠纷纠纷纠纷纠纷纠纷纠纷纠纷纠纷', '私密', '2023-06-14 12:31:06', '张麻子', '没纠纷没纠纷没纠纷没纠纷没纠纷没纠纷没纠纷没纠纷没纠纷没纠纷没纠纷没纠纷没纠纷没纠纷没纠纷没纠纷没纠纷没纠纷没纠纷没纠纷没纠纷没纠纷没纠纷没纠纷没纠纷没纠纷没纠纷没纠纷没纠纷没纠纷没纠纷没纠纷没纠纷没纠纷没纠纷没纠纷没纠纷没纠纷没纠纷没纠纷没纠纷没纠纷没纠纷没纠纷没纠纷', '已回复'),
('20230612006', '2023-06-12 00:00:00', '李四', '其他', '其他', '其他其他其他其他其他其他其他其他其他其他其他其他其他其他其他其他其他其他其他其他其他其他其他其他其他其他其他其他其他其他其他其他其他其他其他其他其他其他其他其他其他其他其他其他其他其他其他其他其他其他其他', '公开', NULL, NULL, NULL, '处理中'),
('20230613001', '2023-06-13 00:00:00', '王五', '污染', '污染', '污染污染污染污染污染污染污染污染污染污染污染污染污染污染污染污染污染污染污染污染污染污染污染污染污染污染污染污染污染污染污染污染污染污染污染污染污染污染污染污染污染污染污染污染污染污染污染污染污染', '公开', NULL, NULL, NULL, '处理中'),
('20230613002', '2023-06-13 00:00:00', '王五', '治安', '不安全', '不安全不安全不安全不安全不安全不安全不安全不安全不安全不安全不安全不安全不安全不安全不安全不安全不安全不安全不安全不安全不安全不安全不安全不安全不安全不安全不安全不安全不安全不安全不安全不安全不安全不安全不安全不安全不安全不安全不安全不安全不安全不安全不安全不安全不安全不安全不安全不安全', '公开', '2023-06-14 17:06:54', '张三', '安全安全安全安全安全安全安全安全安全安全安全安全安全安全安全安全安全安全安全安全安全安全安全安全安全安全安全安全安全安全安全安全安全安全安全安全安全安全', '已回复'),
('20230613003', '2023-06-13 00:00:00', '王五', '设施', '三轮车', '三轮车三轮车三轮车三轮车三轮车三轮车三轮车三轮车三轮车三轮车三轮车三轮车三轮车三轮车三轮车三轮车三轮车三轮车三轮车三轮车三轮车三轮车三轮车三轮车三轮车三轮车三轮车三轮车三轮车三轮车三轮车三轮车三轮车三轮车三轮车三轮车三轮车三轮车三轮车三轮车三轮车三轮车三轮车三轮车三轮车三轮车三轮车', '公开', '2023-06-14 23:12:47', '大王', '四轮车四轮车四轮车四轮车四轮车四轮车四轮车四轮车四轮车四轮车四轮车四轮车四轮车四轮车四轮车四轮车四轮车四轮车四轮车四轮车四轮车四轮车四轮车四轮车四轮车四轮车', '已回复'),
('20230613004', '2023-06-13 00:00:00', '王五', '纠纷', '纷', '纷纷纷纷纷纷纷纷纷纷纷纷纷纷纷纷纷纷纷纷纷纷纷纷纷纷纷纷纷纷纷纷纷纷纷纷纷纷纷纷纷纷纷纷纷纷纷纷纷纷纷纷纷纷纷纷纷纷纷纷纷纷纷纷纷纷纷纷纷纷纷纷纷纷纷纷纷纷纷纷纷纷纷纷纷纷纷纷纷纷纷纷纷纷纷纷纷纷纷纷纷纷纷纷纷纷纷纷纷纷纷纷纷纷纷纷纷纷纷纷纷纷纷纷纷纷纷纷纷纷纷纷纷纷纷纷纷纷纷纷纷纷纷纷纷纷纷纷纷纷纷纷纷纷', '公开', NULL, NULL, NULL, '处理中'),
('20230613005', '2023-06-13 00:00:00', '王五', '其他', 'other', 'otherotherotherotherotherotherotherotherotherotherotherotherotherotherotherotherotherotherotherotherotherotherotherotherotherotherotherotherotherotherotherother', '公开', NULL, NULL, NULL, '处理中'),
('20230613006', '2023-06-13 00:00:00', '王五', '纠纷', 'null', 'nullnullnullnullnullnullnullnullnullnullnullnullnullnullnullnullnullnullnullnullnullnullnullnullnullnullnullnull', '公开', NULL, NULL, NULL, '处理中'),
('20230614001', '2023-06-14 00:00:00', '李四', '污染', '灰尘', '灰尘灰尘灰尘灰尘灰尘灰尘灰尘灰尘灰尘灰尘灰尘灰尘灰尘灰尘灰尘灰尘灰尘灰尘灰尘灰尘灰尘灰尘灰尘灰尘灰尘灰尘灰尘灰尘灰尘灰尘灰尘灰尘灰尘灰尘灰尘灰尘灰尘灰尘灰尘灰尘灰尘灰尘灰尘灰尘灰尘灰尘灰尘', '公开', '2023-06-15 08:15:37', '张三', '没灰尘没灰尘没灰尘没灰尘没灰尘没灰尘没灰尘没灰尘没灰尘没灰尘没灰尘没灰尘没灰尘没灰尘没灰尘没灰尘没灰尘没灰尘没灰尘没灰尘没灰尘', '已回复'),
('20230614002', '2023-06-14 09:27:03', '李四', '纠纷', '狗', '狗狗狗狗狗狗狗狗狗狗狗狗狗狗狗狗狗狗狗狗狗狗狗狗狗狗狗狗狗狗狗狗狗狗狗狗狗狗狗狗狗狗狗狗狗狗狗狗狗狗狗狗狗狗狗狗狗狗狗狗狗狗狗', '公开', '2023-06-18 18:18:52', '张三', '猫猫猫猫猫猫猫猫猫猫猫猫猫猫猫猫猫猫猫猫猫猫猫猫猫猫猫猫猫猫猫猫猫猫猫猫猫猫猫猫猫猫猫猫猫猫猫猫猫猫', '已回复'),
('20230614003', '2023-06-14 17:04:29', '李四', '设施', '设', '设设设设设设设设设设设设设设设设设设设设设设设设设设设设设设设设设设设设设设设设设设设设设设设设设设设设设设设设设设设设设设设设设设设设设设设设', '私密', NULL, NULL, NULL, '处理中'),
('20230614004', '2023-06-14 23:11:05', '小刘', '其他', '别的', '别的别的别的别的别的别的别的别的别的别的别的别的别的别的别的别的别的别的别的别的别的别的别的别的别的别的别的别的别的别的别的别的别的别的别的别的别的别的别的别的别的别的别的别的别的别的别的别的别的别的别的别的别的别的别的别的别的别的', '公开', '2023-06-15 08:49:34', '张三', '22222222222222222222222222222222222222222222222222222222222222222222222222222', '已回复'),
('20230614005', '2023-06-14 23:11:18', '小刘', '其他', '我的', '我的我的我的我的我的我的我的我的我的我的我的我的我的我的我的我的我的我的我的我的我的我的我的我的我的我的我的我的我的我的我的我的我的我的我的我的我的我的我的我的我的我的我的我的我的我的我的我的我的我的我的我的我的我的我的我的我的我的我的我的', '私密', '2023-06-14 23:17:18', '张三', '的的的的的的的的的的的的的的的的的的的的的的的的的的的的的的的的的的的的的的的的的的的的的的的的的的的的的的的的的的的的的的的的的的', '已回复'),
('20230615001', '2023-06-15 08:19:40', '小李', '治安', '啊啊', '啊啊啊啊啊啊啊啊啊啊啊啊啊啊啊啊啊啊啊啊啊啊啊啊啊啊啊啊啊啊啊啊啊啊啊啊啊啊啊啊啊啊啊啊啊啊啊啊啊啊啊啊啊啊啊啊啊啊啊啊啊啊啊啊啊啊啊啊啊啊啊啊啊啊啊啊啊啊啊啊啊啊啊啊啊啊啊啊啊啊啊啊啊啊', '公开', NULL, NULL, NULL, '处理中'),
('20230615002', '2023-06-15 08:48:40', '李四', '设施', '1', '111111111111111111111111111111111111111111111111111111111111111111111111111', '公开', NULL, NULL, NULL, '处理中'),
('20230618001', '2023-06-18 17:58:26', '李四', '污染', '1', '1', '私密', NULL, NULL, NULL, '处理中');

-- --------------------------------------------------------

--
-- 表的结构 `host`
--

CREATE TABLE `host` (
  `HNo` varchar(6) NOT NULL COMMENT '住户号',
  `HName` varchar(20) NOT NULL COMMENT '业主姓名',
  `HSex` varchar(7) NOT NULL COMMENT '性别',
  `HWork` varchar(20) NOT NULL COMMENT '职业',
  `HTime` date NOT NULL COMMENT '入住时间',
  `HArea` float NOT NULL COMMENT '住房面积',
  `HPeople` int(11) NOT NULL COMMENT '常住人口数',
  `HPhone` varchar(12) NOT NULL COMMENT '联系电话'
) ENGINE=MyISAM DEFAULT CHARSET=utf8;

--
-- 转存表中的数据 `host`
--

INSERT INTO `host` (`HNo`, `HName`, `HSex`, `HWork`, `HTime`, `HArea`, `HPeople`, `HPhone`) VALUES
('1301', '李四', 'male', '司机', '2023-01-01', 130.5, 6, '13010001000'),
('1302', '王五', 'female', '医生', '2022-09-15', 85, 5, '15910001000'),
('1303', '小刘', 'male', '警察', '2023-04-21', 120, 4, '13610001000'),
('1304', '小李', 'male', '教师', '2023-03-09', 200, 8, '13110001000');

-- --------------------------------------------------------

--
-- 表的结构 `log`
--

CREATE TABLE `log` (
  `LID` int(11) NOT NULL COMMENT '字段ID',
  `LTime` datetime NOT NULL COMMENT '事件时间',
  `LIP` varchar(16) CHARACTER SET utf8 NOT NULL COMMENT '用户IP',
  `LUsername` varchar(12) CHARACTER SET utf8 NOT NULL COMMENT '用户账号',
  `LEvent` varchar(10) CHARACTER SET utf8 NOT NULL COMMENT '事件',
  `LNote` varchar(12) CHARACTER SET utf8 NOT NULL COMMENT '备注'
) ENGINE=MyISAM DEFAULT CHARSET=utf8 COLLATE=utf8_unicode_ci;

--
-- 转存表中的数据 `log`
--

INSERT INTO `log` (`LID`, `LTime`, `LIP`, `LUsername`, `LEvent`, `LNote`) VALUES
(1, '2023-06-14 15:20:08', '172.22.76.6', 'u10000', '用户登录', '成功'),
(2, '2023-06-14 15:21:38', '172.22.76.6', 'u10000', '用户登录', '成功'),
(3, '2023-06-14 15:27:23', '172.22.76.6', 'u10000', '用户登录', '成功'),
(4, '2023-06-14 15:40:04', '172.22.76.6', 'u10000', '用户登录', '成功'),
(5, '2023-06-14 15:48:20', '172.22.76.6', 'x10000', '用户登录', '成功'),
(6, '2023-06-14 16:28:37', '172.22.76.6', 'u10000', '用户登录', '成功'),
(7, '2023-06-14 16:28:53', '172.22.76.6', 'u10000', '用户登录', '失败'),
(8, '2023-06-14 16:29:00', '172.22.76.6', 'u10000', '用户登录', '成功'),
(9, '2023-06-14 16:29:30', '172.22.76.6', 'x10000', '用户登录', '成功'),
(10, '2023-06-14 16:49:44', '172.22.76.6', 'x10000', '查看信件', '20230612002'),
(21, '2023-06-14 17:06:54', '172.22.76.6', 'x10000', '回复投诉', '20230613002'),
(20, '2023-06-14 17:06:46', '172.22.76.6', 'x10000', '查看信件', '20230613002'),
(19, '2023-06-14 17:04:29', '172.22.76.6', 'u10000', '发布投诉', '20230614003'),
(18, '2023-06-14 17:04:11', '172.22.76.6', 'u10000', '用户登录', '成功'),
(15, '2023-06-14 16:54:30', '172.22.76.6', 'x10000', '查看信件', '20230612001'),
(16, '2023-06-14 16:55:36', '172.22.76.6', 'x10000', '查看信件', '20230612006'),
(17, '2023-06-14 16:55:47', '172.22.76.6', 'x10000', '查看信件', '20230612004'),
(22, '2023-06-14 17:08:20', '172.22.76.6', 'u10001', '用户登录', '成功'),
(23, '2023-06-14 17:20:31', '172.22.76.6', 'x10000', '查看信件', '20230612003'),
(24, '2023-06-14 17:23:37', '172.22.76.6', 'x10000', '用户登录', '成功'),
(25, '2023-06-14 17:25:08', '172.22.76.6', 'x10000', '用户登录', '成功'),
(26, '2023-06-14 17:27:11', '172.22.76.6', 'x10001', '用户登录', '成功'),
(27, '2023-06-14 19:34:04', '172.22.76.6', 'u10000', '用户登录', '成功'),
(28, '2023-06-14 19:40:18', '172.22.76.6', 'u10000', '用户登录', '成功'),
(29, '2023-06-14 19:40:58', '172.22.76.6', 'x10000', '用户登录', '成功'),
(30, '2023-06-14 19:57:42', '172.22.76.6', 'x10000', '查看信件', '20230613004'),
(31, '2023-06-14 20:25:09', '172.22.76.6', 'u10000', '用户登录', '成功'),
(32, '2023-06-14 20:25:31', '172.22.76.6', 'x10001', '用户登录', '成功'),
(33, '2023-06-14 20:29:00', '172.22.76.6', 'x10000', '用户登录', '失败'),
(34, '2023-06-14 20:29:05', '172.22.76.6', 'u10000', '用户登录', '成功'),
(35, '2023-06-14 20:29:14', '172.22.76.6', 'x10000', '用户登录', '成功'),
(36, '2023-06-14 21:06:01', '172.22.76.6', 'x10000', '查看信件', '20230613006'),
(37, '2023-06-14 21:32:53', '172.22.76.6', 'u10001', '用户登录', '成功'),
(38, '2023-06-14 21:33:05', '172.22.76.6', 'x10001', '用户登录', '成功'),
(39, '2023-06-14 21:36:26', '172.22.76.6', 'x10001', '用户登录', '失败'),
(40, '2023-06-14 21:38:19', '172.22.76.6', 'x10001', '用户登录', '成功'),
(41, '2023-06-14 21:39:18', '172.22.76.6', 'x10000', '用户注册', '成功'),
(42, '2023-06-14 21:39:45', '172.22.76.6', 'x10000', '查看信件', '20230612001'),
(43, '2023-06-14 21:40:36', '172.22.76.6', 'x10000', '用户登录', '成功'),
(44, '2023-06-14 21:42:14', '172.22.76.6', 'x10001', '用户注册', '成功'),
(45, '2023-06-14 21:47:29', '172.22.76.6', 'x10001', '用户登录', '成功'),
(46, '2023-06-14 21:50:06', '172.22.76.6', 'u10000', '用户注册', '成功'),
(47, '2023-06-14 21:51:49', '172.22.76.6', 'u10001', '用户注册', '成功'),
(48, '2023-06-14 22:10:24', '172.22.76.6', 'u10000', '用户登录', '成功'),
(49, '2023-06-14 22:10:32', '172.22.76.6', 'x10000', '用户登录', '成功'),
(50, '2023-06-14 22:16:13', '172.22.76.6', 'x10000', '用户登录', '失败'),
(51, '2023-06-14 22:16:21', '172.22.76.6', 'x10000', '用户登录', '成功'),
(52, '2023-06-14 22:33:55', '172.22.76.6', 'u10000', '用户登录', '成功'),
(53, '2023-06-14 22:34:07', '172.22.76.6', 'u10000', '查看信件', '20230612005'),
(54, '2023-06-14 22:34:28', '172.22.76.6', 'x10000', '用户登录', '成功'),
(55, '2023-06-14 22:34:42', '172.22.76.6', 'x10000', '查看信件', '20230612005'),
(56, '2023-06-14 22:44:14', '172.22.76.6', 'x10000', '查看信件', '20230612001'),
(57, '2023-06-14 23:10:37', '172.22.76.6', 'u10002', '用户注册', '成功'),
(58, '2023-06-14 23:11:05', '172.22.76.6', 'u10002', '发布投诉', '20230614004'),
(59, '2023-06-14 23:11:09', '172.22.76.6', 'u10002', '查看信件', '20230614004'),
(60, '2023-06-14 23:11:18', '172.22.76.6', 'u10002', '发布投诉', '20230614005'),
(61, '2023-06-14 23:11:24', '172.22.76.6', 'u10002', '查看信件', '20230614005'),
(62, '2023-06-14 23:11:52', '172.22.76.6', 'x10001', '用户登录', '成功'),
(63, '2023-06-14 23:12:25', '172.22.76.6', 'x10002', '用户注册', '成功'),
(64, '2023-06-14 23:12:36', '172.22.76.6', 'x10002', '查看信件', '20230613003'),
(65, '2023-06-14 23:12:47', '172.22.76.6', 'x10002', '回复投诉', '20230613003'),
(66, '2023-06-14 23:13:25', '172.22.76.6', 'u10000', '用户登录', '失败'),
(67, '2023-06-14 23:13:30', '172.22.76.6', 'u10000', '用户登录', '失败'),
(68, '2023-06-14 23:13:35', '172.22.76.6', 'u10000', '用户登录', '失败'),
(69, '2023-06-14 23:13:39', '172.22.76.6', 'u10000', '用户登录', '失败'),
(70, '2023-06-14 23:13:55', '172.22.76.6', 'x10000', '用户登录', '成功'),
(71, '2023-06-14 23:17:11', '172.22.76.6', 'x10000', '查看信件', '20230614005'),
(72, '2023-06-14 23:17:18', '172.22.76.6', 'x10000', '回复投诉', '20230614005'),
(73, '2023-06-14 23:17:46', '172.22.76.6', 'u10001', '用户登录', '失败'),
(74, '2023-06-14 23:17:52', '172.22.76.6', 'u10001', '用户登录', '失败'),
(75, '2023-06-14 23:17:55', '172.22.76.6', 'u10001', '用户登录', '失败'),
(76, '2023-06-14 23:18:02', '172.22.76.6', 'u10001', '用户登录', '失败'),
(77, '2023-06-14 23:18:10', '172.22.76.6', 'u10001', '用户登录', '失败'),
(78, '2023-06-14 23:18:21', '172.22.76.6', 'x10000', '用户登录', '成功'),
(79, '2023-06-15 08:14:25', '172.22.76.6', 'u10000', '用户登录', '成功'),
(80, '2023-06-15 08:14:27', '172.22.76.6', 'u10000', '查看信件', '20230614004'),
(81, '2023-06-15 08:14:57', '172.22.76.6', 'x10000', '用户登录', '成功'),
(82, '2023-06-15 08:15:30', '172.22.76.6', 'x10000', '查看信件', '20230614001'),
(83, '2023-06-15 08:15:37', '172.22.76.6', 'x10000', '回复投诉', '20230614001'),
(84, '2023-06-15 08:16:24', '172.22.76.6', 'x10000', '用户登录', '成功'),
(85, '2023-06-15 08:19:26', '172.22.76.6', 'u10003', '用户注册', '成功'),
(86, '2023-06-15 08:19:40', '172.22.76.6', 'u10003', '发布投诉', '20230615001'),
(87, '2023-06-15 08:19:54', '172.22.76.6', 'u10003', '查看信件', '20230615001'),
(88, '2023-06-15 08:20:05', '172.22.76.6', 'x10000', '用户登录', '成功'),
(89, '2023-06-15 08:30:20', '172.22.76.6', 'u10001', '用户登录', '成功'),
(90, '2023-06-15 08:42:21', '172.22.76.6', 'x10000', '用户登录', '成功'),
(91, '2023-06-15 08:47:04', '172.22.76.6', 'u10000', '用户登录', '成功'),
(92, '2023-06-15 08:47:51', '172.22.76.6', 'u10000', '查看信件', '20230615001'),
(93, '2023-06-15 08:47:54', '172.22.76.6', 'u10000', '查看信件', '20230614003'),
(94, '2023-06-15 08:48:40', '172.22.76.6', 'u10000', '发布投诉', '20230615002'),
(95, '2023-06-15 08:48:47', '172.22.76.6', 'u10000', '查看信件', '20230615002'),
(96, '2023-06-15 08:49:04', '172.22.76.6', 'x10000', '用户登录', '成功'),
(97, '2023-06-15 08:49:18', '172.22.76.6', 'x10000', '查看信件', '20230614001'),
(98, '2023-06-15 08:49:24', '172.22.76.6', 'x10000', '查看信件', '20230614004'),
(99, '2023-06-15 08:49:34', '172.22.76.6', 'x10000', '回复投诉', '20230614004'),
(100, '2023-06-15 08:54:16', '172.22.76.6', 'x10000', '查看信件', '20230614005'),
(101, '2023-06-15 08:54:21', '172.22.76.6', 'x10000', '查看信件', '20230615002'),
(102, '2023-06-15 08:54:33', '172.22.76.6', 'x10000', '查看信件', '20230615001'),
(103, '2023-06-15 09:25:03', '172.22.76.6', 'x10000', '用户登录', '成功'),
(104, '2023-06-15 09:29:11', '172.22.76.6', 'x10000', '查看信件', '20230614005'),
(105, '2023-06-15 09:29:30', '172.22.76.6', 'u10000', '用户登录', '成功'),
(106, '2023-06-15 09:32:37', '172.22.76.6', 'u10000', '查看信件', '20230612003'),
(107, '2023-06-15 10:20:58', '172.22.76.6', 'x10000', '用户登录', '成功'),
(108, '2023-06-15 10:21:05', '172.22.76.6', 'x10000', '查看信件', '20230615001'),
(109, '2023-06-15 10:21:08', '172.22.76.6', 'x10000', '查看信件', '20230614005'),
(110, '2023-06-15 10:21:22', '172.22.76.6', 'x10000', '查看信件', '20230615002'),
(111, '2023-06-15 10:21:55', '172.22.76.6', 'x10000', '查看信件', '20230614002'),
(112, '2023-06-15 10:22:45', '172.22.76.6', 'u10000', '用户登录', '成功'),
(113, '2023-06-15 10:23:04', '172.22.76.6', 'u10000', '查看信件', '20230614003'),
(114, '2023-06-15 10:23:34', '172.22.76.6', 'u10000', '查看信件', '20230615001'),
(115, '2023-06-15 10:24:48', '172.22.76.6', 'u10000', '查看信件', '20230614004'),
(116, '2023-06-17 21:48:23', '172.22.76.6', 'u10000', '用户登录', '成功'),
(117, '2023-06-17 21:48:41', '172.22.76.6', 'x10000', '用户登录', '成功'),
(118, '2023-06-18 17:48:52', '172.22.76.6', 'u10000', '用户登录', '成功'),
(119, '2023-06-18 17:58:26', '172.22.76.6', 'u10000', '发布投诉', '20230618001'),
(120, '2023-06-18 18:10:31', '172.22.76.6', 'x10000', '用户登录', '成功'),
(121, '2023-06-18 18:12:53', '172.22.76.6', 'x10000', '查看信件', '20230615002'),
(122, '2023-06-18 18:15:02', '172.22.76.6', 'u10000', '用户登录', '成功'),
(123, '2023-06-18 18:15:08', '172.22.76.6', 'u10000', '查看信件', '20230615001'),
(124, '2023-06-18 18:18:19', '172.22.76.6', 'x10000', '用户登录', '成功'),
(125, '2023-06-18 18:18:24', '172.22.76.6', 'x10000', '查看信件', '20230614002'),
(126, '2023-06-18 18:18:52', '172.22.76.6', 'x10000', '回复投诉', '20230614002'),
(127, '2023-06-18 18:22:15', '172.22.76.6', 'u10000', '用户登录', '成功'),
(128, '2023-06-18 18:22:57', '172.22.76.6', 'x10000', '用户登录', '成功');

-- --------------------------------------------------------

--
-- 表的结构 `user`
--

CREATE TABLE `user` (
  `UUsername` varchar(20) NOT NULL COMMENT '账号',
  `UPassword` varchar(61) NOT NULL COMMENT '密码',
  `UIdentity` varchar(8) NOT NULL COMMENT '身份',
  `UID` varchar(6) NOT NULL COMMENT '住户号/管理员号',
  `UloginCount` int(11) NOT NULL COMMENT '登录次数',
  `UloginTime` datetime NOT NULL COMMENT '下次允许登录时间'
) ENGINE=MyISAM DEFAULT CHARSET=utf8;

--
-- 转存表中的数据 `user`
--

INSERT INTO `user` (`UUsername`, `UPassword`, `UIdentity`, `UID`, `UloginCount`, `UloginTime`) VALUES
('x10000', '$2y$12$k9m3rcsXmcTfOC0jYo6Ig.rSxJv4DrscMMexpt7a0KiRQ.tZw61CC', 'admin', '1001', 0, '2023-06-18 18:22:57'),
('u10000', '$2y$12$NyauS4n9ZDcVg3BKr0pe8Oe45WFlGwX3lT.wJIRZKqgmpZ7gbVm5C', 'user', '1301', 0, '2023-06-18 18:22:15'),
('u10001', '$2y$12$iSQFRlJQOwqzK2giYikIA.yRyJf0X/LyQdSCpcwCcsxUi.fHRQdfy', 'user', '1302', 0, '2023-06-15 08:30:20'),
('x10001', '$2y$12$zUFOVhuf4MuRfNYKuhSELOE3p1JCbNPlQ5vuGRvgE4l1c.ZtL4BRS', 'admin', '1002', 0, '2023-06-14 23:11:52'),
('u10002', '$2y$12$HIckLTqlFIkSiTCSJLOQn.rH0j1da18WSIhHAbxDvb5n4Ho4Lmwza', 'user', '1303', 0, '2023-06-14 23:10:37'),
('x10002', '$2y$12$6aozwdjwmbewKDNcjvrnNuMXc6/tEqi7jeUGKBjTptB/sJeRarUrS', 'admin', '1003', 0, '2023-06-14 23:12:25'),
('u10003', '$2y$12$qzNxm2kngG.ryVewsUHvd.25CInMAZE.fYgEiX7Jt259Nk7kI5Gn.', 'user', '1304', 0, '2023-06-15 08:19:26');

--
-- 转储表的索引
--

--
-- 表的索引 `admin`
--
ALTER TABLE `admin`
  ADD PRIMARY KEY (`AID`),
  ADD UNIQUE KEY `APhone` (`APhone`);

--
-- 表的索引 `complaint`
--
ALTER TABLE `complaint`
  ADD PRIMARY KEY (`CID`);

--
-- 表的索引 `host`
--
ALTER TABLE `host`
  ADD PRIMARY KEY (`HNo`),
  ADD UNIQUE KEY `HPhone` (`HPhone`);

--
-- 表的索引 `log`
--
ALTER TABLE `log`
  ADD PRIMARY KEY (`LID`);

--
-- 表的索引 `user`
--
ALTER TABLE `user`
  ADD PRIMARY KEY (`UUsername`);

--
-- 在导出的表使用AUTO_INCREMENT
--

--
-- 使用表AUTO_INCREMENT `log`
--
ALTER TABLE `log`
  MODIFY `LID` int(11) NOT NULL AUTO_INCREMENT COMMENT '字段ID', AUTO_INCREMENT=129;
COMMIT;

/*!40101 SET CHARACTER_SET_CLIENT=@OLD_CHARACTER_SET_CLIENT */;
/*!40101 SET CHARACTER_SET_RESULTS=@OLD_CHARACTER_SET_RESULTS */;
/*!40101 SET COLLATION_CONNECTION=@OLD_COLLATION_CONNECTION */;
